_id,name,address,email,phone_number,date_of_birth,company,job_title,credit_card_number,credit_card_expiry,credit_card_provider
6a67beff229227aad77316f9,Renee Choi,"USNV Chapman
FPO AA 39058",lcaldwell@example.com,+1-859-873-8025,1955-07-29,Johnson LLC,Technical sales engineer,4344672068556,11/28,VISA 19 digit
6a67beff229227aad77316fa,Elizabeth Weaver,"3899 Jennifer Plain
South Leslieborough, IA 39213",johnsonchristopher@example.net,(603)577-6617,1948-02-18,Young LLC,Horticultural therapist,4117768929785230,08/30,Mastercard
6a67beff229227aad77316fb,Sharon Cook,"842 Richard Road
East Nicole, NE 67509",hawkinscharles@example.org,8989088358,1971-01-24,"Wright, Nelson and Herrera",Town planner,3537091951652564,11/26,VISA 16 digit
6a67beff229227aad77316fc,Jonathan Williams,"318 Jennifer Bypass
North Jason, CA 25600",lisacastillo@example.net,503-427-8058x5496,1942-03-04,"Wilson, Francis and Montgomery",Multimedia programmer,3505154295378441,08/26,VISA 19 digit
6a67beff229227aad77316fd,Cody Porter,"9125 Bruce Landing
Roymouth, RI 02258",vkeller@example.com,001-307-681-7397x818,1983-01-15,Fletcher Inc,"Radiographer, diagnostic",38807727900668,08/35,American Express
6a67beff229227aad77316fe,Stephanie Cruz,"8479 Barry Mills Suite 513
Carlosstad, NM 47122",hectorlambert@example.org,6805521529,2004-06-15,"White, Deleon and Ramirez",Oceanographer,30428091479664,11/32,VISA 16 digit
6a67beff229227aad77316ff,Edwin Murphy,"4268 Zuniga Turnpike
Baxterchester, IA 05134",ryan12@example.com,(263)622-9740x0878,1950-10-25,Chapman-Warner,Information officer,30533128337726,04/27,VISA 16 digit
6a67beff229227aad7731700,Peggy Hernandez,"90812 Nelson Pines
Lake Mary, MO 53806",chandlerstephen@example.org,2898964253,1949-08-21,Cannon-Smith,Dramatherapist,3588234308010676,11/32,VISA 19 digit
6a67beff229227aad7731701,Kimberly Garrison,"0143 Brian Via
Port Sherifort, ND 36798",adam89@example.net,001-500-875-2659x781,1946-06-25,"Martin, Bell and Heath",Insurance broker,4419393298905411,05/36,American Express
6a67beff229227aad7731702,Peter Vasquez,"PSC 9225, Box 8140
APO AE 39608",reyesmichael@example.net,(414)670-6286,1967-08-27,Bray PLC,Astronomer,2406954216561518,11/27,Discover
6a67beff229227aad7731703,Tracy Martinez,"29761 Adams Corners Suite 276
Schneiderfort, VA 87382",matthewross@example.net,798-262-1365x2112,1985-02-11,Wilson-Moore,"Surveyor, land/geomatics",578696618821,04/28,VISA 13 digit
6a67beff229227aad7731704,Joshua Mcdonald,"93333 Bates Crescent
Lake Janestad, RI 57229",whitneygreen@example.com,6387719324,1977-01-31,Anderson-Wallace,Insurance claims handler,4324830798032992,12/35,JCB 16 digit
6a67beff229227aad7731705,Laura Hughes,"7608 Jacob Fields Apt. 542
East Lori, ND 96263",collinsdonald@example.org,(562)840-6461x020,1963-06-16,Reed Inc,"Physicist, medical",574495628392,01/28,Mastercard
6a67beff229227aad7731706,Brian Williams,"307 Young Circles Suite 575
New Ethanborough, MP 34004",wbrown@example.org,628.533.9574,1959-07-17,Clay Inc,Community education officer,180060657007270,10/35,VISA 16 digit
6a67beff229227aad7731707,Edward Cooper,"97634 James Meadow Suite 488
Kennethport, WI 11236",michaelmeyer@example.net,863.608.1685,2004-06-05,Thornton-Elliott,"Engineer, materials",4608946364383,05/33,Diners Club / Carte Blanche
6a67beff229227aad7731708,George Middleton,"34386 Melanie Summit
Davistown, TX 13923",powellamanda@example.org,951-874-8476,1986-02-11,Mosley-Mitchell,"Teacher, special educational needs",345606058756998,11/29,Discover
6a67beff229227aad7731709,Francis Fitzgerald,"902 Beth Gardens
Port Sandratown, MI 60404",wmelendez@example.org,001-261-497-1660x66382,1992-03-23,Wilson-Lewis,Museum/gallery conservator,3562371342842837,03/36,Mastercard
6a67beff229227aad773170a,Angela Hill,"1175 Fields Run
East Travis, MA 88534",tina16@example.com,(796)919-6429x113,1945-05-30,"Ramirez, Anderson and Peterson",Intelligence analyst,4464028326607290,04/31,Maestro
6a67beff229227aad773170b,Richard Wilson,"496 James Corners Suite 545
Jacobbury, GA 62266",westdavid@example.net,+1-242-318-2060x36648,1970-08-12,Nelson Group,Heritage manager,6011602535877085,10/34,JCB 16 digit
6a67beff229227aad773170c,Sara Castaneda,"98375 Gonzalez Knoll Suite 148
Brianhaven, AR 35281",ginamartin@example.com,623.650.5661x0528,1976-08-14,Robinson-Jensen,"Nurse, children's",4271331335837277,10/27,VISA 16 digit
6a67beff229227aad773170d,Nicole Wade,"6781 Owens Roads
North Stephenland, CA 55934",powellangela@example.com,439.974.4145,1999-07-01,"Campbell, Pugh and Wilson","Surveyor, building control",630454059928,07/27,VISA 16 digit
6a67beff229227aad773170e,Kimberly Boyer,"4572 Perez Parkways Apt. 847
Lisashire, IA 43193",xchurch@example.com,358.761.2692,1953-12-15,"Bishop, Goodman and Dean",Primary school teacher,675933107434,04/28,JCB 15 digit
6a67beff229227aad773170f,Ian Novak,"Unit 6072 Box 0479
DPO AA 00919",kelsey62@example.org,216-853-8756,1977-11-23,Butler-Robinson,"Accountant, chartered",3522068464423839,07/35,JCB 15 digit
6a67beff229227aad7731710,Paula Robinson,"589 Gomez Glens
South Lynnland, DC 94661",bergjohn@example.org,001-790-891-3518,1990-11-07,Cook and Sons,Geoscientist,4599389198457174,07/36,Diners Club / Carte Blanche
6a67beff229227aad7731711,Sonya Ford,"6056 Hammond Corner Suite 011
Victoriastad, CO 80186",zjohnson@example.net,001-374-529-6996,1958-08-03,Foley-Adams,Advice worker,4354383999918679,09/28,VISA 16 digit
6a67beff229227aad7731712,Sherry Jones,"2232 Victoria Loop
South Colleenmouth, TN 60485",chadperez@example.net,508.702.8530x8641,1962-12-08,Jones LLC,Oceanographer,30258770090304,03/35,JCB 16 digit
6a67beff229227aad7731713,Matthew Dixon,"60539 Escobar Drives
Alisonborough, SC 50321",janicewatkins@example.com,+1-640-843-9387,2005-01-16,Glover-Pena,Chartered management accountant,4237222723783251,03/27,VISA 13 digit
6a67beff229227aad7731714,Phillip Johnson,"4963 Ashley Brooks Suite 674
Maysside, MS 82041",ywilson@example.net,4313860865,1982-10-01,Shields-Davis,"Engineer, mining",4738433428273134,10/28,JCB 15 digit
6a67beff229227aad7731715,Zachary Harding,"869 Mary Summit Suite 758
Hodgeland, WI 97234",adkinsmartha@example.com,676.930.4752x888,1971-04-17,"Reyes, Wilson and Vasquez",Armed forces operational officer,4805553398138047,12/33,VISA 13 digit
6a67beff229227aad7731716,Kathleen Williams,"9804 Brown Ridges Apt. 389
Solomonport, RI 47751",ekelly@example.net,(946)277-4824,1996-06-23,Rose-Adams,Engineering geologist,2419823902184130,08/29,Discover
6a67beff229227aad7731717,Patricia Galvan,"7795 Deanna Spring
Allenhaven, MH 47917",ttorres@example.org,687-893-9962x3134,1952-05-27,"Sexton, Lang and Lamb",IT trainer,4894069499601090,02/33,VISA 16 digit
6a67beff229227aad7731718,Ashley Cannon,"01432 Watson Pine Apt. 356
Port Christinafurt, IN 71743",eugene50@example.com,+1-614-854-0749x772,1936-08-14,Gutierrez-Barnett,Horticultural therapist,4664342495180833210,05/31,JCB 16 digit
6a67beff229227aad7731719,Tyler Chambers,"80518 Lloyd View Apt. 833
Johnfort, AR 12362",cynthia14@example.com,001-755-776-8142x522,1992-02-01,Walker-Wang,"Administrator, education",6011531483924328,06/33,VISA 16 digit
6a67beff229227aad773171a,Heather Miller,"375 Dean Island
Pachecomouth, VA 90656",bergernicole@example.org,533.900.8115,1954-03-25,Chen Ltd,Broadcast engineer,6011473579437099,11/33,Mastercard
6a67beff229227aad773171b,Michael Case,"68806 Wang Extension
North Melindaville, CO 24654",sarah71@example.net,001-826-353-0594,1982-01-14,Medina-Wang,"Scientist, research (life sciences)",2284273355034196,02/30,JCB 15 digit
6a67beff229227aad773171c,Thomas Nunez,"6563 Eric Views
West Coreytown, MH 27119",hannahhoover@example.org,576-748-5463,1946-01-29,"Moreno, White and Rivers","Accountant, chartered management",6011861288000184,01/36,JCB 16 digit
6a67beff229227aad773171d,Judy Flores,"786 Linda Glen
East Calvinton, WY 24260",khoward@example.net,922.426.8783x779,1941-11-23,Barnes-Henderson,Education administrator,502029059727,10/27,JCB 16 digit
6a67beff229227aad773171e,Frank Adams III,"2299 Makayla Trace Suite 620
Bowmanville, SC 26778",ukeller@example.org,413-347-2895,1967-04-21,"Wells, Fuller and Howard","Conservator, furniture",213162679043589,05/28,VISA 19 digit
6a67beff229227aad773171f,Patricia Marks,"4041 Johnson Street
Sarahberg, OH 12276",melissaberg@example.com,001-481-755-5222,1991-10-07,Rocha Inc,Human resources officer,4050547990456932,08/34,VISA 16 digit
6a67beff229227aad7731720,William Robinson,"381 Stephen Track Suite 580
East Thomasport, AS 85754",rarroyo@example.net,(450)247-3081,1944-02-23,Patterson Group,Clinical molecular geneticist,2262528495519778,03/33,VISA 19 digit
6a67beff229227aad7731721,Jason Garcia,"9361 Watson Burgs
North Sierra, OR 08152",michael13@example.com,(357)671-9823x36674,1955-12-02,"Koch, Rodriguez and Anderson",Town planner,4467631667458459,04/27,JCB 16 digit
6a67beff229227aad7731722,Matthew Baker,"87018 Monica Light Apt. 838
Villachester, VA 20682",tonya54@example.com,975-535-4827,1942-10-24,"Paul, Wright and Reed","Merchandiser, retail",4684048773102,02/28,VISA 16 digit
6a67beff229227aad7731723,James Smith,"077 David Stravenue
Kevintown, CA 15326",jgutierrez@example.org,+1-872-249-4722,1964-08-04,"Christensen, Smith and Buchanan","Pharmacist, community",180039525250346,01/27,VISA 19 digit
6a67beff229227aad7731724,Terry Gonzales MD,"7395 Jimenez Forest Apt. 865
Michelletown, LA 52743",jenniferfaulkner@example.org,4998485893,1980-07-23,White-Nguyen,"Engineer, aeronautical",213102558580863,04/35,Diners Club / Carte Blanche
6a67beff229227aad7731725,Victor Barker,"2974 Johnathan Shoal Apt. 400
South Joseph, CT 79837",tpalmer@example.net,8455459610,1984-05-12,Espinoza Group,"Administrator, education",503852778615,02/30,Mastercard
6a67beff229227aad7731726,Kim Hoffman,"94662 Williamson Drive
South Jamesberg, SC 82838",muellersarah@example.org,837-353-5067,1990-04-27,Douglas Inc,Diplomatic Services operational officer,503873920923,04/34,American Express
6a67beff229227aad7731727,Garrett Klein,"8945 Antonio Lodge Suite 454
Smithtown, GA 99538",qvelazquez@example.net,354-308-2529,1938-05-11,"Stephens, Morrow and Padilla",Quantity surveyor,2235343943953205,10/26,Discover
6a67beff229227aad7731728,Marie Campbell,"9826 Robert Shores
Timothymouth, OH 44545",smithmorgan@example.net,9576188267,1970-12-16,Jacobs Ltd,"Scientist, research (life sciences)",180090770327594,06/29,American Express
6a67beff229227aad7731729,Michael Welch,"USNV Watson
FPO AA 38089",charles55@example.net,+1-931-361-8406x980,1943-05-26,Torres LLC,Chiropodist,4436649783926579,07/36,Discover
6a67beff229227aad773172a,Chelsea Gonzalez,"548 Beltran Stream
Royland, KS 75708",ramirezmolly@example.org,+1-866-280-2812x509,1979-11-22,"Sanchez, Franklin and Hernandez","Therapist, nutritional",676124231819,06/27,JCB 16 digit
6a67beff229227aad773172b,Christine Roberts,"PSC 0600, Box 6538
APO AA 35752",corey75@example.org,524-990-4318x571,1948-04-22,"Gillespie, Underwood and Carlson",Claims inspector/assessor,4766364722747777,03/30,JCB 16 digit
6a67beff229227aad773172c,Jennifer Smith,"68878 Edwards Crest Apt. 431
South Jamesside, NC 16877",elizabeth58@example.org,505.255.8398x949,1976-02-24,"Cox, Jones and Walker",Theatre manager,4776746324241241,01/27,JCB 15 digit
6a67beff229227aad773172d,Elizabeth Green,"26768 Michael Turnpike Apt. 833
West Robert, VT 96381",fernandeztyler@example.org,+1-262-433-6351x261,1981-03-13,"Collins, Oconnor and Ramos",Heritage manager,561860103556,08/31,Discover
6a67beff229227aad773172e,Daniel Phillips,"Unit 7707 Box 2036
DPO AA 44249",kjones@example.com,4837150727,1981-03-30,Rogers PLC,"Designer, fashion/clothing",3571120625067193,03/27,VISA 16 digit
6a67beff229227aad773172f,Toni Reyes,"1363 Garcia Neck
Deanside, GA 59691",lewisshane@example.net,(952)308-1352x7601,1937-01-25,Perry Inc,Financial planner,4666754266292548,08/26,American Express
6a67beff229227aad7731730,Terry Stevens,"Unit 0356 Box 9016
DPO AA 86301",xgilbert@example.net,3327572358,1957-07-19,Harrison Group,Metallurgist,502021264234,03/33,VISA 16 digit
6a67beff229227aad7731731,David Sparks,"260 John Station Apt. 924
Port Brent, SD 77581",xjones@example.com,519-733-2090,1995-08-12,Carter PLC,"Pilot, airline",562500124549,11/32,VISA 19 digit
6a67beff229227aad7731732,Ashley Cummings,"9802 West Bypass
Rossfort, RI 04392",mary32@example.org,(603)540-4671,2001-01-19,"Webster, Johnston and Williams",Sales executive,4420345312451381,09/35,Diners Club / Carte Blanche
6a67beff229227aad7731733,Melody Blair,"71055 Harvey Tunnel
Natashamouth, OR 86356",williambarron@example.net,(639)370-4702,1989-05-01,Scott Group,Aeronautical engineer,4505087892703,05/33,Mastercard
6a67beff229227aad7731734,Jessica Hernandez,"7658 White Isle
Belindaville, AL 86774",kimberly02@example.org,532-538-7130x484,1953-11-04,Lee-Bean,Fashion designer,676103262546,08/27,Mastercard
6a67beff229227aad7731735,Gabriela Lucas,"849 Tiffany Lakes Suite 365
Port Tinaburgh, NV 79621",zjackson@example.org,001-819-587-6112x121,1944-07-25,Todd-Hobbs,"Buyer, retail",2243529459213923,12/26,VISA 16 digit
6a67beff229227aad7731736,Megan Williams,"69203 Rios Burgs
Kristinafurt, MT 86161",rodriguezchristine@example.net,+1-692-353-7335x17170,1956-03-14,Moore PLC,Advertising account planner,3530750554291289,03/29,Maestro
6a67beff229227aad7731737,Peter Moran MD,"440 Daniel Ridges Suite 265
Madelinehaven, PW 94717",nmartinez@example.org,250-814-6132,1935-11-18,"Smith, Ali and Cooper",Set designer,4690182889263166480,02/29,Maestro
6a67beff229227aad7731738,Calvin Hobbs,"127 Mathew Common Suite 015
Grantmouth, FM 52380",rlopez@example.org,+1-284-881-2173x67544,1994-09-13,English-Chavez,Automotive engineer,371778864662582,05/36,Diners Club / Carte Blanche
6a67beff229227aad7731739,Blake Alvarez,"6768 April Expressway
Kaylaberg, OR 37047",jasonbrown@example.com,819.285.0165,1994-04-08,"Santos, Moore and Neal",Occupational psychologist,3523821729710757,07/27,Maestro
6a67beff229227aad773173a,Brian Bowman,"6629 Lopez Green Suite 426
Kristintown, IL 13973",smithchristopher@example.com,(746)421-6524x67639,1935-12-28,"Ingram, Morton and Summers","Designer, multimedia",3544915084823828,07/33,VISA 19 digit
6a67beff229227aad773173b,Justin Arnold,"824 Thomas Oval Suite 609
Johnsonland, VI 88448",amandamoyer@example.com,444-238-2512,2001-10-09,Richard PLC,Publishing rights manager,573511201739,11/32,JCB 16 digit
6a67beff229227aad773173c,Rachel Ford,"PSC 7401, Box 8325
APO AA 03731",kennethanderson@example.org,(382)375-9614x3806,1951-04-02,Hall Ltd,Building control surveyor,6599676610692296,05/36,Mastercard
6a67beff229227aad773173d,Patrick Kelly,"387 Amanda Square
Juliaburgh, WI 11611",bmoore@example.org,(992)867-7007x6356,1994-04-05,Russell-Montes,Photographer,4029080827373029,11/28,VISA 13 digit
6a67beff229227aad773173e,Melissa Cooley,"841 Wood Camp Suite 950
West Lisa, TX 48152",donnarose@example.org,(533)937-6305x6991,1968-10-02,"Tanner, Reynolds and Mullen","Programmer, systems",370683662041545,06/33,Discover
6a67beff229227aad773173f,Virginia Webb,"119 Castillo Knoll
Hansenfurt, MA 58351",royjarvis@example.net,+1-350-275-4550x7045,1972-08-27,Bridges-Lee,"Development worker, community",4913486242527579,09/29,VISA 16 digit
6a67beff229227aad7731740,Heather White,"310 Hill Way Apt. 708
Rodriguezhaven, AS 97693",virginia70@example.org,+1-462-373-9845x945,1973-07-13,Perez PLC,Industrial buyer,2243428625850165,01/35,VISA 13 digit
6a67beff229227aad7731741,John Lopez,"668 Carlson Hills
Swansonfort, AZ 93887",brookscarol@example.net,+1-721-528-3223x1286,1952-05-03,Brown LLC,Occupational hygienist,213167536826381,03/31,American Express
6a67beff229227aad7731742,Patrick Young,"089 Sandra Green
Port Angeltown, SD 52503",traviswells@example.net,2019752066,1986-09-01,Roberts-Mason,Chemical engineer,2435750776121627,02/33,JCB 16 digit
6a67beff229227aad7731743,Andrea Logan,"USS Higgins
FPO AA 24403",gsimmons@example.com,001-543-481-6073x26182,1966-12-15,"Padilla, Rodriguez and Johnston",Accounting technician,3505394548653402,08/28,JCB 16 digit
6a67beff229227aad7731744,Nancy Martinez,"37570 Davis Glens
Jacobshire, ID 39443",richard03@example.org,(790)500-0637x035,1995-10-29,Davis-Stone,Child psychotherapist,2292098053150238,08/29,Maestro
6a67beff229227aad7731745,Catherine Smith,"03407 Murray View Suite 090
Danielchester, OK 55185",taylorelizabeth@example.net,(645)502-6455x8406,1942-10-01,"Owen, Hernandez and Marquez",Print production planner,4083334200300517344,04/30,VISA 16 digit
6a67beff229227aad7731746,Samuel Wheeler,"4569 Bryan Inlet
East Ericville, PR 01720",whitetammy@example.org,639-279-8191,1973-05-02,Miller-Carrillo,"Conservation officer, nature",4802041987608,12/27,American Express
6a67beff229227aad7731747,Peter Morris,"21867 Smith Plaza Suite 255
Wilsonfort, WI 75560",rachelbowman@example.com,(736)794-9835x0443,1939-07-26,Rhodes Ltd,Interpreter,2267891594912186,05/36,JCB 16 digit
6a67beff229227aad7731748,Linda Hawkins,"68814 Sellers Lodge Apt. 090
Amychester, MN 38377",charlesalexander@example.org,+1-425-949-7256x79489,1993-10-09,Harmon-Roberts,Medical physicist,30132045614232,11/35,Diners Club / Carte Blanche
6a67beff229227aad7731749,Melissa Davenport,"89637 Robert Fort Apt. 059
Johnberg, IA 10833",scottdavis@example.net,320.546.4523,1946-03-30,"Kelley, Mendez and Holden",Chief Strategy Officer,4708939460279,09/29,JCB 16 digit
6a67beff229227aad773174a,Patricia Parrish,"1570 Jasmine Lodge
West Kelly, NE 47988",james04@example.com,235.829.4185x1658,1962-12-05,"Smith, Pruitt and Williams",Estate manager/land agent,347384619422850,06/36,Mastercard
6a67beff229227aad773174b,Stephanie Wells,"04356 Kristina Station Apt. 488
New Marilynland, DC 85991",nancyhartman@example.org,001-743-311-6834,1953-07-29,"Turner, Robinson and Adams",Research scientist (physical sciences),4830582895903115,07/27,American Express
6a67beff229227aad773174c,Jessica Roberts,"2105 Collins Garden Apt. 097
Taylorshire, WI 20424",denise94@example.net,660-750-5333,1973-11-11,Castro-Scott,Chemical engineer,180023458314733,03/32,VISA 19 digit
6a67beff229227aad773174d,Steven Burke,"9165 Ellis Burg Apt. 322
South Cody, DC 54455",russellsarah@example.com,579-723-5039x781,1966-03-11,Fox Ltd,"Scientist, forensic",4080433872784255041,11/32,VISA 16 digit
6a67beff229227aad773174e,Elizabeth Taylor,"354 Williams Streets
North Kimberly, UT 52931",stephanieford@example.org,967-786-6465x460,1957-11-05,Bird-Mueller,Editorial assistant,36560507684190,12/31,Mastercard
6a67beff229227aad773174f,Katelyn Hardy,"22553 Quinn Light Suite 311
Josebury, NV 49375",cynthiabrooks@example.net,+1-763-690-5311x27517,1997-03-17,"Rivera, Armstrong and Kaufman",Advertising account planner,2283077716723566,02/32,JCB 15 digit
6a67beff229227aad7731750,Brian Scott,"06144 Dorothy Locks Suite 992
West Anthony, PR 65161",jcummings@example.org,436.419.4362,2001-10-30,French-Brown,Animal nutritionist,6520190855633472,07/28,Diners Club / Carte Blanche
6a67beff229227aad7731751,Jessica Johnson,"PSC 2259, Box 3499
APO AE 66365",vadams@example.org,372-415-6965x9962,1999-05-06,Walker PLC,Airline pilot,3574033325033372,05/36,American Express
6a67beff229227aad7731752,Michael Shea,"Unit 1192 Box 6812
DPO AE 42902",krystalryan@example.com,(476)831-1638x223,1960-04-28,Perez Ltd,"Editor, magazine features",2573615302749666,12/27,Maestro
6a67beff229227aad7731753,Harold Cooper,"68653 Karen Isle
Lisaburgh, AR 19182",rebecca49@example.net,(394)386-6797x69863,1985-12-14,Duncan-Chandler,"Engineer, broadcasting (operations)",30319408506135,02/33,JCB 15 digit
6a67beff229227aad7731754,Mrs. Brandy Rodriguez,"USCGC Combs
FPO AA 11171",amanda43@example.com,+1-759-551-6887,1949-07-02,Burns-Wallace,Herpetologist,4372215074195,04/30,American Express
6a67beff229227aad7731755,Melissa Huynh,"324 Rodriguez Ferry Suite 454
Travischester, UT 60442",martha55@example.org,407.928.2138x11602,2007-04-20,Wright and Sons,Television floor manager,4973666390731,03/36,JCB 15 digit
6a67beff229227aad7731756,Taylor Potts,"13817 Brenda Islands
North Brian, MH 48725",alexwhitaker@example.net,001-268-581-3342x425,1956-01-21,Young Ltd,Sports coach,30453648472376,04/34,JCB 15 digit
6a67beff229227aad7731757,Anna Garza,"Unit 2919 Box 2263
DPO AP 70331",andrearobinson@example.com,728-301-3464x4465,2005-08-15,Allen-Franklin,Consulting civil engineer,6550155318000620,09/35,JCB 16 digit
6a67beff229227aad7731758,Kristin Cole,"897 Buchanan Turnpike
Lesliehaven, PA 42712",davislorraine@example.org,+1-366-914-6496x6684,1947-10-23,"Smith, Dennis and Hoover",Microbiologist,2248444544944851,09/27,VISA 13 digit
6a67beff229227aad7731759,Brian Meyer,"5841 Mitchell Station
New Frankberg, WY 52543",lewisdavid@example.org,+1-318-779-7276x226,1997-02-25,Ward-Henry,"Surveyor, minerals",3559984971988849,11/26,American Express
6a67beff229227aad773175a,Patrick Turner,"4961 Nelson Ports
West Elizabeth, WY 89859",richardfowler@example.com,+1-681-555-6942x1123,1942-02-20,"Brown, Robertson and Stokes","Librarian, public",6011768107968352,06/27,JCB 15 digit
6a67beff229227aad773175b,Lisa Baxter,"5523 Teresa Camp Suite 709
Angelaland, MD 94286",williamsjulie@example.com,658-211-1420x757,1991-08-13,Little-Fox,"Nurse, adult",2711078727290233,12/33,JCB 15 digit
6a67beff229227aad773175c,Gabriel Grant,"166 Renee Rue
Barrettfurt, CA 59857",andrea81@example.org,987-917-9918,1948-11-30,Harrison LLC,Academic librarian,30225224351210,08/28,JCB 15 digit
6a67bfa7c41f8e6f77674729,Andrew Young,"07605 Zachary Mall
West Toddtown, DE 59653",gainesbrian@example.com,525.702.4915,1994-06-22,Roberts Group,Patent examiner,3518981300944014,03/35,VISA 13 digit
6a67bfa7c41f8e6f7767472a,Jennifer Smith DVM,"89110 Misty Circle
East Shelbyside, MO 21167",gkelly@example.com,(643)731-5563,1940-10-18,"Simon, Francis and Barber",Materials engineer,6011219300502812,10/31,American Express
6a67bfa7c41f8e6f7767472b,Robert Green,"6453 Aaron Fields
Dianebury, WY 12955",regina85@example.com,(284)328-1796,1954-12-03,"Clements, Schroeder and Johnson",Astronomer,630441265364,12/35,Mastercard
6a67bfa7c41f8e6f7767472c,Mario Knight,"8720 Elizabeth Fort
West Robertburgh, NH 36112",lauraleblanc@example.net,+1-434-345-2228x68769,1935-10-28,Jennings-Williams,Ship broker,3558429228250347,06/36,Maestro
6a67bfa7c41f8e6f7767472d,Lee Burke,"67256 David Rue
Smithstad, MN 56558",marshwanda@example.net,+1-949-952-8587x42024,1936-12-25,Marsh LLC,"Surveyor, hydrographic",6580394464603259,12/28,VISA 13 digit
6a67bfa7c41f8e6f7767472e,Deborah Benton,"2065 Theresa Road Suite 832
Leeland, GU 06352",hgarza@example.org,001-217-419-1936,1989-07-07,Boyer-Vargas,"Teacher, music",4247523440450118,07/32,JCB 16 digit
6a67bfa7c41f8e6f7767472f,Dalton Walters,"3995 Johnson Drive
Phillipview, WI 91953",jacksonashley@example.net,+1-741-726-3282x0786,1954-09-19,Richardson-Reyes,Print production planner,4786752471375,04/32,Mastercard
6a67bfa7c41f8e6f77674730,Laurie Riley,"33559 Richardson Streets
Bryanborough, ND 06630",jonathanjackson@example.org,+1-555-567-8593x771,1986-02-27,Frye LLC,Mining engineer,4330921249409137,10/26,JCB 16 digit
6a67bfa7c41f8e6f77674731,John Gardner,"80995 Dave Place
West Dennisfort, ME 35621",rivasjohn@example.com,8825537894,1980-01-18,Cole-Carter,"Teacher, primary school",630429975166,05/27,Mastercard
6a67bfa7c41f8e6f77674732,Vanessa Rose,"27188 Mercado Motorway
Colemanville, TX 16036",smithryan@example.org,+1-375-686-9001x220,1942-01-25,Fisher PLC,Ceramics designer,2673146424772146,07/33,Mastercard
6a67bfa7c41f8e6f77674733,Margaret Hernandez,"08940 Osborn Falls
Greggton, GA 79272",gibbskatie@example.net,912.771.2012x790,1972-07-04,Martin Inc,Commercial art gallery manager,6562172549601247,05/27,VISA 16 digit
6a67bfa7c41f8e6f77674734,Heather Lin,"1235 York Summit
South Shane, FL 80421",robinsonelizabeth@example.org,580-456-1035x72261,1983-02-18,"Dickson, Douglas and Riley",Radio producer,30291448457985,03/29,Discover
6a67bfa7c41f8e6f77674735,John Marks,"67503 Andrea Lakes
Jenniferchester, NJ 35506",parksjennifer@example.org,641.828.4580x57588,1991-08-14,Baker-Baxter,Environmental health practitioner,3575407401938549,08/31,VISA 16 digit
6a67bfa7c41f8e6f77674736,Paula Walker,"607 Gordon Station Suite 600
Lake Kimberlytown, IA 60863",timothy91@example.com,218-792-5192x922,1952-03-25,Ross Inc,"Engineer, building services",060428460442,01/27,VISA 16 digit
6a67bfa7c41f8e6f77674737,Megan Fields,"053 Mason Mountains Suite 973
Jessicafort, FL 09372",vblack@example.net,+1-889-647-9656,1995-12-26,Banks-Lawrence,Landscape architect,4202424700217,10/33,Maestro
6a67bfa7c41f8e6f77674738,Brandi Martinez,"08839 Johnson Land Apt. 223
Haleview, ND 52611",scottsamuel@example.net,845-837-5688x145,1950-04-15,"Butler, Rasmussen and Jones",Passenger transport manager,4628876163569632,05/29,American Express
6a67bfa7c41f8e6f77674739,Edwin Williams,"65035 Pope Village Suite 186
Deniseborough, MS 88524",clarencepeterson@example.com,703-271-7090x81854,1975-09-14,"Hernandez, Monroe and Ayers",Site engineer,4342127289262093130,08/32,VISA 19 digit
6a67bfa7c41f8e6f7767473a,Dr. Brian Weber,"5198 Bruce Point
Kimside, OH 83458",susan96@example.net,+1-889-413-0384x8144,1988-10-04,"Fisher, Sanders and Hayes",Sport and exercise psychologist,4739378811906395,07/35,VISA 16 digit
6a67bfa7c41f8e6f7767473b,Rachel Allen,"25598 Rebecca Islands
Kleinmouth, MH 64571",davisdouglas@example.net,001-438-339-7265x08091,1987-09-16,Wright-Nunez,IT consultant,180002398777688,08/28,Maestro
6a67bfa7c41f8e6f7767473c,Brian Robles,"501 Jonathan Mission
Patriciamouth, SC 76680",mary73@example.com,(311)446-7644x977,1953-01-22,Bowen LLC,"Conservation officer, nature",4801223308150045,02/33,Diners Club / Carte Blanche
6a67bfa7c41f8e6f7767473d,Denise Cervantes,"183 Garrison Parks Suite 270
North Evantown, MI 76816",ashley59@example.com,(479)497-5477x0784,1999-07-14,Davis and Sons,"Solicitor, Scotland",6011973046996551,12/28,Diners Club / Carte Blanche
6a67bfa7c41f8e6f7767473e,Bryan Ray,"4083 Jerry Island
New Michelle, PW 22434",jessica59@example.com,(292)476-9584x021,1962-11-29,Nelson-Roberts,Solicitor,4872090694454,03/33,Mastercard
6a67bfa7c41f8e6f7767473f,Tasha Valenzuela,"3811 Grant Mountains
South Ronaldchester, VA 04646",marvincarter@example.net,001-715-922-8797,1957-12-28,"White, Kerr and Stewart","Scientist, water quality",180012683170556,04/35,JCB 16 digit
6a67bfa7c41f8e6f77674740,Larry Reed,"81760 Taylor Plain Suite 456
West Emily, MT 08498",maria18@example.com,001-562-743-1245x507,1997-08-31,Copeland-Gutierrez,Applications developer,4448466715182353,06/27,JCB 16 digit
6a67bfa7c41f8e6f77674741,Molly Pena,"29087 Mcdowell Knolls
Staceyland, FM 63252",odonnellheather@example.net,(599)807-3508x3399,1951-02-20,Coleman-Merritt,"Administrator, education",4728810128121022,11/34,JCB 15 digit
6a67bfa7c41f8e6f77674742,Ricardo Bright,"7098 Tapia Plains
West Sandra, DC 74219",hinesjennifer@example.org,001-564-507-9463,1982-10-14,Moody-Rivera,Private music teacher,4423165348569452927,02/32,Discover
6a67bfa7c41f8e6f77674743,Crystal Austin DVM,"904 Brian Well
Michaelchester, WA 82137",prestonkenneth@example.com,327.403.3284x63487,1951-11-11,Brennan Ltd,Marine scientist,5545395346761328,02/28,JCB 16 digit
6a67bfa7c41f8e6f77674744,Joshua Nguyen,"32275 Campbell Walk Apt. 834
East Samuel, NE 07662",thompsonheather@example.net,237-416-7104x644,2004-12-19,"Parker, Valentine and Wise",Associate Professor,4203208903761,03/32,American Express
6a67bfa7c41f8e6f77674745,Kelly Hall,"1487 Samantha Centers Apt. 355
North Michaelberg, CA 17269",johnsonheather@example.net,832.453.3076,1985-11-06,Wong Group,Sales executive,4372657223672,06/33,American Express
6a67bfa7c41f8e6f77674746,Julia Morgan,"PSC 1819, Box 0583
APO AP 33723",jesse55@example.net,+1-405-985-6397x7293,1936-10-25,Krueger-Bryant,Agricultural consultant,3543393858457242,03/31,VISA 16 digit
6a67bfa7c41f8e6f77674747,Mrs. Lauren Weiss,"29115 Ryan Throughway Suite 819
South Oscar, IA 94993",patrick08@example.net,325-202-6470x64621,2006-08-21,Holt-Campbell,Fashion designer,4483739904178075045,08/31,Maestro
6a67bfa7c41f8e6f77674748,Michelle Hancock,"98528 Betty Dam Suite 326
South Barbara, AR 63307",edwardsisabella@example.net,001-534-987-9045x7363,1944-03-11,Washington and Sons,Hospital pharmacist,3575480684985818,09/31,Discover
6a67bfa7c41f8e6f77674749,Nicholas Miles,"43577 Joshua Port
North Melissa, PR 32245",michaelhart@example.org,639-857-7430x063,1955-05-28,"Jones, Leon and White",Regulatory affairs officer,060426100081,06/28,JCB 16 digit
6a67bfa7c41f8e6f7767474a,Sandra Weiss,"678 Harding Rapid
North Michael, SC 73880",markdavid@example.net,213.573.6451,1950-01-09,Valdez-Watkins,Ranger/warden,4850325622284,06/29,VISA 16 digit
6a67bfa7c41f8e6f7767474b,Jessica Price,"79366 Kelley Unions Suite 448
Fitzgeraldmouth, PR 32163",kristenfritz@example.net,(377)919-3117x313,1994-03-17,"Bartlett, Johnson and Phillips",Dramatherapist,180054547510221,10/26,Discover
6a67bfa7c41f8e6f7767474c,Elizabeth Mckinney,"758 John Stravenue
New Ronald, NV 80291",hollywoods@example.org,(262)507-9869x2682,1943-05-02,"Watkins, Martinez and Harris",Medical sales representative,6575895201644965,05/36,Diners Club / Carte Blanche
6a67bfa7c41f8e6f7767474d,Philip Rodriguez,"059 Anthony Hollow
East Nathanside, MD 39269",xcastro@example.org,472-636-2193x023,1964-10-29,Schmidt PLC,"Therapist, horticultural",4134261207525535,02/30,VISA 16 digit
6a67bfa7c41f8e6f7767474e,Mrs. Melissa Graves,"825 Patricia Forge
North Marytown, DE 07107",wmathews@example.net,(671)464-7636x532,1991-08-16,"Lewis, Nunez and Black",Geographical information systems officer,3562566490015116,01/32,Discover
6a67bfa7c41f8e6f7767474f,Deborah Dean,"264 Maldonado Roads Suite 346
Jacksontown, MI 48353",staffordarthur@example.net,+1-308-357-4404x440,1958-10-24,Owens-Thomas,"Conservator, furniture",4401646172656,09/31,Diners Club / Carte Blanche
6a67bfa7c41f8e6f77674750,Trevor White,"9833 Nicholas Spurs Apt. 711
New Jameschester, IN 52618",lbrennan@example.com,(742)845-1527x47997,1942-09-11,Allen-Shepherd,Cytogeneticist,38188167342962,01/34,Diners Club / Carte Blanche
6a67bfa7c41f8e6f77674751,Jill Moore,"789 Welch Cliff Suite 308
South Brittany, MP 65703",kathryn70@example.com,001-407-213-7212x70548,1981-09-13,Baker-Chen,Newspaper journalist,4764724181727952,07/31,JCB 15 digit
6a67bfa7c41f8e6f77674752,Ashley Gilmore,"PSC 0193, Box 8549
APO AP 78499",eweaver@example.net,5245093171,2004-04-19,Stokes and Sons,"Surveyor, hydrographic",4535099318203229,08/31,JCB 16 digit
6a67bfa7c41f8e6f77674753,Amanda Hoffman,"042 Mendez Parkway Suite 001
Port George, VA 00910",wadams@example.org,(500)546-1548,2008-05-03,Baker PLC,Artist,374571445378233,06/32,VISA 19 digit
6a67bfa7c41f8e6f77674754,Tracy Lewis,"3128 Castillo Center Suite 421
New Richard, KS 15044",christophergarner@example.com,(801)507-6043x603,1967-02-19,Jones and Sons,Retail manager,676321357508,05/31,Maestro
6a67bfa7c41f8e6f77674755,Justin Ortega,"477 Bradley Parkways Apt. 660
Port Monica, HI 28468",hquinn@example.net,614-802-3410,2002-10-10,Garcia-Martin,Call centre manager,340408557388810,09/34,Diners Club / Carte Blanche
6a67bfa7c41f8e6f77674756,Katherine Lester,"05096 Walker Crescent
North Victoria, OR 32458",jordan86@example.com,588-701-2182x58292,2003-05-22,Thomas-Dominguez,Astronomer,30055281655454,01/32,Mastercard
6a67bfa7c41f8e6f77674757,Jessica Conley,"957 Brent Knoll Suite 228
West John, MD 34140",mendezandrew@example.com,001-597-972-6745,1951-04-05,"Banks, Moore and Dougherty",Theme park manager,4665010664111750060,11/32,VISA 16 digit
6a67bfa7c41f8e6f77674758,Shannon Santiago,"USCGC Taylor
FPO AP 84764",martinann@example.net,+1-763-496-4081x495,1992-09-16,Burns-Bailey,Social researcher,4200944287815160,05/36,Maestro
6a67bfa7c41f8e6f77674759,Debbie Martin,"78336 Arthur Flats
Timothybury, AZ 50535",piercerussell@example.com,(864)245-3369,1969-02-22,"Johnson, Hale and Burgess",Race relations officer,6011057261088896,09/29,VISA 16 digit
6a67bfa7c41f8e6f7767475a,Amber Jones,"7769 Shaw Track
North Joyfurt, MN 78833",jamesheath@example.net,740.290.7356x47643,1974-08-12,Randolph PLC,Media buyer,675943330596,05/35,VISA 16 digit
6a67bfa7c41f8e6f7767475b,Guy Sanchez,"69947 Brown Streets
Hoodberg, DE 21112",codylee@example.com,+1-222-749-0961,1983-11-25,Parker-Stafford,"Editor, magazine features",501895416219,03/30,Maestro
6a67bfa7c41f8e6f7767475c,Shane Wilson,"1522 Dean Brooks
Elizabethville, MO 10042",riverasamantha@example.com,967.942.0479,1962-09-25,Day PLC,"Production assistant, radio",3575581503247510,06/31,Maestro
6a67bfa7c41f8e6f7767475d,Sheena Cook,"8552 Martin Terrace Suite 701
South Daniel, WA 48722",ysanders@example.net,307.343.5463,1957-12-08,Golden PLC,Financial planner,676221797316,08/28,Diners Club / Carte Blanche
6a67bfa7c41f8e6f7767475e,Angela Jimenez,"0195 Roberto Crossroad
West Carolmouth, AK 48842",charles62@example.com,258-863-2192x450,1984-01-08,Young Ltd,"Administrator, Civil Service",4314039172083769,01/35,Maestro
6a67bfa7c41f8e6f7767475f,Rodney Baker,"01364 Shannon Forges
New Lisaville, NM 37335",brownshane@example.net,+1-649-441-7286x1886,1940-04-16,"Rodriguez, Williams and Harris","Production assistant, radio",4223540168703125514,03/27,JCB 16 digit
6a67bfa7c41f8e6f77674760,Zachary Rubio,"75979 Hall Glen
Robertborough, IA 05455",matthewbeltran@example.com,001-914-382-9736x58395,1979-02-27,Francis and Sons,Careers information officer,30241943613038,12/27,Mastercard
6a67bfa7c41f8e6f77674761,Jennifer Robertson,"PSC 5859, Box 8835
APO AE 67757",tylerjames@example.com,899-507-0488,1966-08-29,Hall PLC,Public affairs consultant,3569927579086639,09/32,American Express
6a67bfa7c41f8e6f77674762,David Palmer,"35290 Ruben Meadows
Port Rachelchester, MA 37183",davidcobb@example.com,754-560-7914x89639,1944-01-06,Anderson-Wallace,Biomedical engineer,6586616784069728,07/29,JCB 16 digit
6a67bfa7c41f8e6f77674763,Jason Graham,"87281 Raven Light
Lisashire, LA 82721",rbarnes@example.net,354-949-8189x55948,1937-02-12,Henderson Ltd,"Accountant, chartered certified",588359234386,04/30,VISA 16 digit
6a67bfa7c41f8e6f77674764,Stephen Perez,"5889 Jesus Dale Apt. 554
Jorgetown, MO 36634",wendy92@example.org,4722392086,1955-11-25,Galvan Ltd,Systems developer,3515352278048928,12/27,Mastercard
6a67bfa7c41f8e6f77674765,Sara Scott,"9986 Edward Hill Apt. 675
Cruzberg, HI 18105",nathanlee@example.com,001-468-752-7194,1981-08-18,"Barker, Gilbert and York",Human resources officer,4793971869582267,12/35,American Express
6a67bfa7c41f8e6f77674766,Jennifer Smith,"49005 Day Drives
Carlystad, SC 44112",uweaver@example.net,001-288-275-5802x817,1991-03-10,Singh-Robinson,Market researcher,370499632884264,01/28,VISA 19 digit
6a67bfa7c41f8e6f77674767,Carlos Gonzalez,"4256 Melissa Views
Torresfurt, MI 91163",johnsonbrian@example.net,(837)416-5876,2002-11-20,Schultz-Rice,Social researcher,2245605416652359,08/27,VISA 19 digit
6a67bfa7c41f8e6f77674768,Gilbert Smith,"8481 Victoria Highway
West Felicia, IN 66631",kimberly84@example.net,607-207-2120,1990-09-21,"Walls, May and Carlson","Radiographer, diagnostic",377825665569757,07/34,Maestro
6a67bfa7c41f8e6f77674769,Scott David,"35411 Obrien Causeway
Meganstad, PW 11174",rachael72@example.com,+1-966-554-0966x807,1962-10-17,"Shelton, Mcdonald and Gordon",Secondary school teacher,180006061780341,05/27,JCB 16 digit
6a67bfa7c41f8e6f7767476a,Jennifer Williams,"668 Wheeler Track
West Laura, AR 21707",gloria55@example.org,(895)476-7921x70237,1965-02-17,King LLC,Therapeutic radiographer,213146703959506,04/29,Maestro
6a67bfa7c41f8e6f7767476b,Robert Brown,"117 Curry Plaza
Jasonburgh, HI 24664",kknight@example.net,001-609-552-2438x89010,1940-10-06,Espinoza-Clark,"Designer, interior/spatial",4286040405537708,06/34,American Express
6a67bfa7c41f8e6f7767476c,Phillip Vincent,"792 Jonathan Branch
Lopezhaven, NV 78433",christopher73@example.net,(276)874-0611,1965-08-29,Walker Ltd,Counsellor,342648994579327,12/35,Diners Club / Carte Blanche
6a67bfa7c41f8e6f7767476d,Seth Smith,"8272 Justin Forest Apt. 803
Mirandashire, KY 46740",joseph66@example.org,4177978158,1978-09-21,"Webb, Willis and Stevenson",Intelligence analyst,676171392340,07/34,Mastercard
6a67bfa7c41f8e6f7767476e,Dakota Choi,"483 Emily Locks
Pricehaven, NM 26042",lewisjason@example.org,805-572-0725,1985-08-19,Allen-Scott,Regulatory affairs officer,5140211668094165,01/33,Mastercard
6a67bfa7c41f8e6f7767476f,Donna Johnson,"223 Ethan View Suite 104
South Stephanieland, VT 84317",qedwards@example.org,5579788909,2005-07-27,"Cooper, Leonard and Schneider",Further education lecturer,30231227437014,11/27,Discover
6a67bfa7c41f8e6f77674770,Lisa Williams,"USNS Graham
FPO AE 93707",harrisalex@example.com,(419)258-9788,1954-07-24,"Whitney, Moore and Collins",Historic buildings inspector/conservation officer,6011899052930632,01/35,Mastercard
6a67bfa7c41f8e6f77674771,Jessica Wise,"547 Williams Pine Suite 331
Mariastad, NE 57739",daviskathy@example.net,001-967-813-4381x7978,1984-09-04,Gordon LLC,Camera operator,676397764785,08/28,Maestro
6a67bfa7c41f8e6f77674772,Christine Saunders,"98616 Terrell Plaza Apt. 694
Boothhaven, DC 78168",glynch@example.org,(518)519-8618x6373,1942-08-21,Gonzalez PLC,"Therapist, horticultural",675912778585,11/30,Mastercard
6a67bfa7c41f8e6f77674773,Casey Peterson,"15714 Tran Terrace
Johnstonburgh, MA 09371",michael37@example.org,524.280.0273,2004-08-29,"Fuller, Guzman and Anderson",Psychiatric nurse,213154960551255,04/33,VISA 16 digit
6a67bfa7c41f8e6f77674774,Brian Koch,"8257 Julie Fort
Clementsfurt, PR 77177",tony40@example.com,(469)604-7289x1455,1951-12-11,Fields and Sons,"Accountant, chartered public finance",3573800304584927,11/31,JCB 16 digit
6a67bfa7c41f8e6f77674775,Jeffrey Cook,"445 Miller Parkway
Williamston, AS 99744",betty89@example.net,2908139664,1966-11-18,Black-Johnson,"Scientist, physiological",4137190438530906,09/34,American Express
6a67bfa7c41f8e6f77674776,Brenda Gonzalez,"Unit 5067 Box 8001
DPO AP 90047",talvarado@example.com,(471)782-8265,1991-07-24,Perry Inc,Immigration officer,4036097555950263399,09/26,Mastercard
6a67bfa7c41f8e6f77674777,Trevor Mcfarland,"070 Anthony Islands Suite 012
Hansenfort, MH 50885",zcruz@example.com,+1-892-752-3740x0067,2007-08-19,Russell-Walls,Armed forces technical officer,213176524301893,12/28,VISA 16 digit
6a67bfa7c41f8e6f77674778,Renee Brewer,"8679 Edwards Street Apt. 525
Gonzalezmouth, VT 02019",erikacollins@example.net,(784)620-1146,1941-04-17,Guerrero-Morales,Audiological scientist,2293307003721231,10/26,VISA 16 digit
6a67bfa7c41f8e6f77674779,Vicki Mills,"0467 Griffin Squares
Ryanhaven, DC 13532",paulmiranda@example.org,+1-428-719-3028x568,2006-01-15,"Mcneil, Cantu and Holland",Commercial/residential surveyor,4319320065683,09/26,VISA 16 digit
6a67bfa7c41f8e6f7767477a,Laura Thomas,"340 Matthew Valley Apt. 681
Sawyerville, GA 80181",ronald39@example.com,(527)955-5946x3492,2006-05-15,"Johnson, Robles and Bowers",Physiological scientist,2234982514882995,09/27,American Express
6a67bfa7c41f8e6f7767477b,Ivan Lee,"2343 Bailey Cape
West Michael, WA 45263",thomas63@example.com,+1-669-280-8096x115,1975-09-20,"Sparks, Jacobs and Lopez",Animal nutritionist,213159897646284,06/29,American Express
6a67bfa7c41f8e6f7767477c,Sarah Reynolds,"96349 Thomas Forges Apt. 617
Nicholasmouth, WI 44535",pbrennan@example.net,+1-912-251-6940x48003,1968-12-16,"Davis, Wood and Lee",Brewing technologist,4704712788267,10/26,JCB 16 digit
6a67bfa7c41f8e6f7767477d,Timothy Hicks,"085 Jose Pines
Port Christine, NC 58587",egraham@example.org,+1-324-929-3569,1940-11-26,Rich-Travis,Claims inspector/assessor,4566778492564132,11/28,VISA 19 digit
6a67bfa7c41f8e6f7767477e,Emily Nelson,"176 Clark Mews Suite 231
New Lisachester, OR 83791",smarks@example.com,535-615-4165,1950-10-14,"Cisneros, Ellis and Bartlett",Cytogeneticist,180033445849055,09/27,Discover
6a67bfa7c41f8e6f7767477f,Logan Kane,"1870 Brown Rapids
New Courtneyhaven, RI 64585",howetraci@example.com,542.460.5368x68452,1995-05-16,"Mason, Kelley and Parrish","Designer, fashion/clothing",3593609309819006,01/30,American Express
6a67bfa7c41f8e6f77674780,Brandon Paul,"785 Williams Union
South Jasonburgh, MI 80993",michelle35@example.net,(569)838-2529,1976-08-05,"Lee, Martin and Hayes","Therapist, sports",4953500892597,06/30,Maestro
6a67bfa7c41f8e6f77674781,Justin Smith,"04480 Colin Forges Apt. 622
Jennifermouth, TN 59133",brownmegan@example.net,(735)834-2583x92792,1995-05-10,Walton-Bond,Publishing rights manager,4414136401431097,03/31,Mastercard
6a67bfa7c41f8e6f77674782,Gregory Munoz,"994 Robert Corners
Charlesview, MT 79430",jessicaruiz@example.com,(618)880-2900x31909,1964-08-25,"Lee, Lynch and Curtis",Public house manager,5113535028868097,09/31,Discover
6a67bfa7c41f8e6f77674783,Maria Kelly,"1606 Shelly Cliff Apt. 440
East Vanessafurt, KS 93124",jennifer96@example.net,(908)483-9385x4293,1946-10-19,Anderson-Carter,Production manager,4050978654557,06/36,JCB 15 digit
6a67bfa7c41f8e6f77674784,Megan Rogers,"80970 Zuniga Route
North Michaelside, ND 08989",graystephen@example.net,855.285.5476x7589,1942-07-28,"Conway, Andersen and Rose",Automotive engineer,348325325855726,04/34,VISA 13 digit
6a67bfa7c41f8e6f77674785,Amanda Stewart,"357 Ferrell Centers Apt. 925
Lake Shelby, ID 65624",brightmatthew@example.net,(827)997-5073,1939-11-05,Davis PLC,"Engineer, broadcasting (operations)",3505330501781376,10/34,Maestro
6a67bfa7c41f8e6f77674786,Scott Crosby,"89990 James Forges Suite 851
Alvarezberg, KS 03382",davidjordan@example.net,+1-619-520-6672x161,1938-09-09,Turner Group,"Scientist, forensic",4764705765136,07/35,VISA 19 digit
6a67bfa7c41f8e6f77674787,Samuel Welch,"USNS Garcia
FPO AE 51499",connie75@example.net,(997)480-0655x2360,1997-11-20,Jackson LLC,Probation officer,2706110223965195,04/31,Mastercard
6a67bfa7c41f8e6f77674788,Andrea Perry,"PSC 7872, Box 2183
APO AE 35534",carrollheather@example.com,(685)670-3492x3478,1995-06-07,Miller Group,Lawyer,3542883065239764,03/33,VISA 16 digit
6a67bfa7c41f8e6f77674789,Daniel Kennedy,"108 Santiago Tunnel
North Christinatown, DC 84100",patricklucas@example.com,+1-972-461-7979,2006-03-05,"Peters, Black and Davidson",Production manager,5196944858578729,07/27,VISA 19 digit
6a67bfa7c41f8e6f7767478a,Hunter Williams,"547 Richard Extension Apt. 849
Andrewchester, GA 50304",wmejia@example.org,572-257-1666x0957,1988-01-01,Lowe-Carroll,Accommodation manager,4725383244332348,10/31,VISA 19 digit
6a67bfa7c41f8e6f7767478b,Benjamin Hendricks,"04727 Colon Flat Suite 431
Bryanview, MD 27443",barbara04@example.net,862.433.3711x0747,1996-06-15,"Myers, Estrada and Wells",Clinical molecular geneticist,4396985096419,08/32,Mastercard
6a67bfa7c41f8e6f7767478c,Mary Brooks,"2374 Pamela Mountain Apt. 285
Rodgersville, WI 85814",candicehodges@example.net,293.395.2525,1952-02-13,"Hampton, Bryant and Ray","Scientist, audiological",4208569852267,05/36,VISA 16 digit
